{"spot_diameter_fullres": 89.49502418224989, "tissue_hires_scalef": 0.17011142, "fiducial_diameter_fullres": 144.56888521748058, "tissue_lowres_scalef": 0.051033426}